<?xml version="1.0"?><VAST version="2.0">  <Ad id="static">    <InLine>      <AdSystem>Static VAST Template</AdSystem>      <AdTitle>Static VAST Tag</AdTitle>      <Error>https://s3.amazonaws.com/demo.jwplayer.com/static-tag/pixel.gif</Error>      <Impression>https://s3.amazonaws.com/demo.jwplayer.com/static-tag/pixel.gif</Impression>      <Creatives>        <Creative sequence="1">          <NonLinearAds>            <NonLinear height="50" width="300" maintainAspectRatio="true" scalable="true" minSuggestedDuration="00:01:00">              <StaticResource creativeType="image/jpeg">https://s3.amazonaws.com/demo.jwplayer.com/static-tag/jwplayer-overlay.jpg</StaticResource>              <NonLinearClickThrough>https://www.jwplayer.com/</NonLinearClickThrough>            </NonLinear>            <TrackingEvents>              <Tracking event="creativeView">https://s3.amazonaws.com/demo.jwplayer.com/static-tag/pixel.gif</Tracking>              <Tracking event="expand">https://s3.amazonaws.com/demo.jwplayer.com/static-tag/pixel.gif</Tracking>              <Tracking event="collapse">https://s3.amazonaws.com/demo.jwplayer.com/static-tag/pixel.gif</Tracking>              <Tracking event="acceptInvitation">https://s3.amazonaws.com/demo.jwplayer.com/static-tag/pixel.gif</Tracking>              <Tracking event="close">https://s3.amazonaws.com/demo.jwplayer.com/static-tag/pixel.gif</Tracking>            </TrackingEvents>          </NonLinearAds>        </Creative>        <Creative sequence="1">          <CompanionAds>            <Companion id="1" width="300" height="250">              <StaticResource creativeType="image/jpeg">https://s3.amazonaws.com/demo.jwplayer.com/static-tag/jwplayer-rectangle-blue.jpg</StaticResource>              <CompanionClickThrough>https://www.jwplayer.com/</CompanionClickThrough>            </Companion>            <Companion id="2" width="728" height="90">              <StaticResource creativeType="image/jpeg">https://s3.amazonaws.com/demo.jwplayer.com/static-tag/jwplayer-banner-blue.jpg</StaticResource>              <CompanionClickThrough>https://www.jwplayer.com/</CompanionClickThrough>            </Companion>          </CompanionAds>        </Creative>      </Creatives>    </InLine>  </Ad></VAST>